"MARQUE_ID","MARQUE_ALIAS","MARQUE_NAME","MARQUE_NAME_URL","MARQUE_NAME_META","MARQUE_NAME_META_TITLE","MARQUE_LOGO","MARQUE_WALL","MARQUE_RELFOLLOW","MARQUE_SITEMAP","MARQUE_DISPLAY","MARQUE_SORT","MARQUE_TOP"
"10","ac","AC","AC","AC","AC",,,"0","0","3","2","0"
"11","acura","ACURA","ACURA","ACURA","ACURA","acura.png",,"0","0","0","3","0"
"12","aixam","AIXAM","AIXAM","AIXAM","AIXAM","aixam.png",,"0","0","0","4","0"
"13","alfa-romeo","ALFA ROMEO","ALFA ROMEO","ALFA","ALFA","alfa-romeo.webp","alfa-romeo.jpg","1","1","1","5","1"
"14","alpina","ALPINA","ALPINA","ALPINA","ALPINA",,,"0","0","0","6","0"
"15","alpine","ALPINE","ALPINE","ALPINE","ALPINE",,,"0","0","0","7","0"
"17","aro","ARO","ARO","ARO","ARO",,,"0","0","0","9","0"
"18","artega","ARTEGA","ARTEGA","ARTEGA","ARTEGA",,,"0","0","0","10","0"
"19","asia-motors","ASIA MOTORS","ASIA MOTORS","ASIA MOTORS","ASIA MOTORS",,,"0","0","0","11","0"
"20","askam","ASKAM","ASKAM","ASKAM","ASKAM",,,"0","0","0","12","0"
"21","aston-martin","ASTON MARTIN","ASTON MARTIN","ASTON MARTIN","ASTON MARTIN","aston-martin.webp",,"0","0","2","13","0"
"22","audi","AUDI","AUDI","AUDI","AUDI","audi.webp","audi.jpg","1","1","1","14","1"
"23","austin","AUSTIN","AUSTIN","AUSTIN","AUSTIN","austin.webp",,"0","0","2","15","0"
"24","austin-healey","AUSTIN-HEALEY","AUSTIN-HEALEY","AUSTIN-HEALEY","AUSTIN-HEALEY",,,"0","0","3","16","0"
"26","autobianchi","AUTOBIANCHI","AUTOBIANCHI","AUTOBIANCHI","AUTOBIANCHI",,,"0","0","0","17","0"
"29","bedford","BEDFORD","BEDFORD","BEDFORD","BEDFORD",,,"0","0","0","18","0"
"30","bentley","BENTLEY","BENTLEY","BENTLEY","BENTLEY","bentley.webp",,"0","0","2","19","0"
"33","bmw","BMW","BMW","BMW","BMW","bmw.webp","bmw.jpg","1","1","1","20","1"
"37","bugatti","BUGATTI","BUGATTI","BUGATTI","BUGATTI","bugatti.webp",,"0","0","2","21","0"
"38","buick","BUICK","BUICK","BUICK","BUICK",,,"0","0","0","22","0"
"39","cadillac","CADILLAC","CADILLAC","CADILLAC","CADILLAC","cadillac.webp",,"0","0","2","23","0"
"44","chevrolet","CHEVROLET","CHEVROLET","CHEVROLET","CHEVROLET","chevrolet.webp","chevrolet.jpg","1","1","1","25","0"
"45","chrysler","CHRYSLER","CHRYSLER","CHRYSLER","CHRYSLER","chrysler.webp","chrysler.jpg","1","1","1","26","0"
"46","citroen","CITROËN","CITROËN","CITROËN","CITROËN","citroen.webp","citroen.jpg","1","1","1","27","1"
"47","dacia","DACIA","DACIA","DACIA","DACIA","dacia.webp","dacia.jpg","1","1","1","28","1"
"48","daewoo","DAEWOO","DAEWOO","DAEWOO","DAEWOO","daewoo.webp","daewoo.jpg","1","1","1","29","0"
"49","daf","DAF","DAF","DAF","DAF",,,"0","0","0","30","0"
"50","daihatsu","DAIHATSU","DAIHATSU","DAIHATSU","DAIHATSU","daihatsu.webp",,"0","0","2","31","0"
"51","daimler","DAIMLER","DAIMLER","DAIMLER","DAIMLER",,,"0","0","0","32","0"
"53","de-lorean","DE LOREAN","DE LOREAN","DE LOREAN","DE LOREAN",,,"0","0","0","33","0"
"55","dodge","DODGE","DODGE","DODGE","DODGE",,,"0","0","3","35","0"
"56","ebro","EBRO","EBRO","EBRO","EBRO",,,"0","0","0","37","0"
"57","ferrari","FERRARI","FERRARI","FERRARI","FERRARI","ferrari.webp",,"0","0","2","38","0"
"58","fiat","FIAT","FIAT","FIAT","FIAT","fiat.webp","fiat.jpg","1","1","1","39","1"
"60","ford","FORD","FORD","FORD","FORD","ford.webp","ford.jpg","1","1","1","40","1"
"64","fso","FSO","FSO","FSO","FSO",,,"0","0","0","42","0"
"65","gaz","GAZ","GAZ","GAZ","GAZ",,,"0","0","0","43","0"
"66","geely","GEELY","GEELY","GEELY","GEELY",,,"0","0","0","44","0"
"67","geo","GEO","GEO","GEO","GEO",,,"0","0","0","46","0"
"69","glas","GLAS","GLAS","GLAS","GLAS",,,"0","0","0","47","0"
"70","gmc","GMC","GMC","GMC","GMC",,,"0","0","0","48","0"
"71","genesis","GENESIS","GENESIS","GENESIS","GENESIS",,,"0","0","0","45","0"
"73","holden","HOLDEN","HOLDEN","HOLDEN","HOLDEN",,,"0","0","0","49","0"
"74","honda","HONDA","HONDA","HONDA","HONDA","honda.webp","honda.jpg","1","1","1","50","0"
"75","hummer","HUMMER","HUMMER","HUMMER","HUMMER","hummer.webp",,"0","0","2","51","0"
"76","hyundai","HYUNDAI","HYUNDAI","HYUNDAI","HYUNDAI","hyundai.webp","hyundai.jpg","1","1","1","52","1"
"78","infiniti","INFINITI","INFINITI","INFINITI","INFINITI","infiniti.webp",,"0","0","2","53","0"
"79","innocenti","INNOCENTI","INNOCENTI","INNOCENTI","INNOCENTI",,,"0","0","0","54","0"
"83","isuzu","ISUZU","ISUZU","ISUZU","ISUZU","isuzu.webp",,"0","0","2","55","0"
"84","iveco","IVECO","IVECO","IVECO","IVECO","iveco.webp","iveco.jpg","1","1","1","56","0"
"85","jaguar","JAGUAR","JAGUAR","JAGUAR","JAGUAR","jaguar.webp",,"0","0","2","57","0"
"86","jeep","JEEP","JEEP","JEEP","JEEP","jeep.webp","jeep.jpg","1","1","1","58","0"
"88","kia","KIA","KIA","KIA","KIA","kia.webp","kia.jpg","1","1","1","59","1"
"90","lada","LADA","LADA","LADA","LADA","lada.webp","lada.jpg","1","1","1","60","0"
"91","lamborghini","LAMBORGHINI","LAMBORGHINI","LAMBORGHINI","LAMBORGHINI","lamborghini.webp",,"0","0","2","61","0"
"92","lancia","LANCIA","LANCIA","LANCIA","LANCIA","lancia.webp","lancia.jpg","1","1","1","62","0"
"93","land-rover","LAND ROVER","LAND ROVER","LAND ROVER","LAND ROVER","land-rover.webp","land-rover.jpg","1","1","1","63","0"
"94","landwind","LANDWIND","LANDWIND","LANDWIND","LANDWIND",,,"0","0","0","64","0"
"95","ldv","LDV","LDV","LDV","LDV",,,"0","0","0","65","0"
"96","lexus","LEXUS","LEXUS","LEXUS","LEXUS","lexus.webp",,"0","0","2","66","0"
"98","lincoln","LINCOLN","LINCOLN","LINCOLN","LINCOLN",,,"0","0","0","67","0"
"99","lotus","LOTUS","LOTUS","LOTUS","LOTUS",,,"0","0","3","68","0"
"100","lti","LTI","LTI","LTI","LTI",,,"0","0","0","69","0"
"101","mahindra","MAHINDRA","MAHINDRA","MAHINDRA","MAHINDRA",,,"0","0","0","70","0"
"103","maserati","MASERATI","MASERATI","MASERATI","MASERATI","maserati.webp",,"0","0","2","72","0"
"104","maybach","MAYBACH","MAYBACH","MAYBACH","MAYBACH","maybach.webp",,"0","0","2","73","0"
"105","mazda","MAZDA","MAZDA","MAZDA","MAZDA","mazda.webp","mazda.jpg","1","1","1","74","0"
"108","mercedes-benz","MERCEDES","MERCEDES-BENZ","MERCEDES","MERCEDES","mercedes.webp","mercedes-benz.jpg","1","1","1","75","1"
"110","mg","MG","MG","MG","MG","mg.webp",,"0","0","2","76","0"
"113","mini","MINI","MINI","MINI","MINI","mini.webp","mini.jpg","1","1","1","77","0"
"114","mitsubishi","MITSUBISHI","MITSUBISHI","MITSUBISHI","MITSUBISHI","mitsubishi.webp","mitsubishi.jpg","1","1","1","78","0"
"116","morgan","MORGAN","MORGAN","MORGAN","MORGAN",,,"0","0","0","79","0"
"117","morris","MORRIS","MORRIS","MORRIS","MORRIS",,,"0","0","0","80","0"
"119","nissan","NISSAN","NISSAN","NISSAN","NISSAN","nissan.webp","nissan.jpg","1","1","1","81","1"
"123","opel","OPEL","OPEL","OPEL","OPEL","opel.webp","opel.jpg","1","1","1","82","1"
"128","peugeot","PEUGEOT","PEUGEOT","PEUGEOT","PEUGEOT","peugeot.webp","peugeot.jpg","1","1","1","84","1"
"129","piaggio","PIAGGIO","PIAGGIO","PIAGGIO","PIAGGIO",,,"0","0","0","85","0"
"132","pontiac","PONTIAC","PONTIAC","PONTIAC","PONTIAC",,,"0","0","0","86","0"
"133","porsche","PORSCHE","PORSCHE","PORSCHE","PORSCHE","porsche.webp","porsche.jpg","1","1","1","87","0"
"135","proton","PROTON","PROTON","PROTON","PROTON",,,"0","0","3","88","0"
"137","ranger","RANGER","RANGER","RANGER","RANGER",,,"0","0","0","89","0"
"139","reliant","RELIANT","RELIANT","RELIANT","RELIANT",,,"0","0","0","90","0"
"140","renault","RENAULT","RENAULT","RENAULT","RENAULT","renault.webp","renault.jpg","1","1","1","91","1"
"143","rolls-royce","ROLLS-ROYCE","ROLLS-ROYCE","ROLLS-ROYCE","ROLLS-ROYCE","rolls-royce.webp",,"0","0","2","92","0"
"144","rover","ROVER","ROVER","ROVER","ROVER","rover.webp",,"0","0","2","93","0"
"145","saab","SAAB","SAAB","SAAB","SAAB","saab.webp","saab.jpg","1","1","1","94","0"
"146","santana","SANTANA","SANTANA","SANTANA","SANTANA",,,"0","0","0","96","0"
"147","seat","SEAT","SEAT","SEAT","SEAT","seat.webp","seat.jpg","1","1","1","97","1"
"150","skoda","SKODA","SKODA","SKODA","SKODA","skoda.webp","skoda.jpg","1","1","1","98","0"
"151","smart","SMART","SMART","SMART","SMART","smart.webp","smart.jpg","1","1","1","99","0"
"154","ssangyong","SSANGYONG","SSANGYONG","SSANGYONG","SSANGYONG","ssangyong.webp",,"0","0","2","100","0"
"157","subaru","SUBARU","SUBARU","SUBARU","SUBARU","subaru.webp",,"0","0","2","101","0"
"158","suzuki","SUZUKI","SUZUKI","SUZUKI","SUZUKI","suzuki.webp","suzuki.jpg","1","1","1","102","0"
"159","talbot","TALBOT","TALBOT","TALBOT","TALBOT",,,"0","0","0","103","0"
"160","tata","TATA","TATA","TATA","TATA",,,"0","0","3","104","0"
"162","tesla","TESLA","TESLA","TESLA","TESLA",,,"0","0","0","105","0"
"164","toyota","TOYOTA","TOYOTA","TOYOTA","TOYOTA","toyota.webp","toyota.jpg","1","1","1","106","1"
"166","triumph","TRIUMPH","TRIUMPH","TRIUMPH","TRIUMPH",,,"0","0","0","107","0"
"167","tvr","TVR","TVR","TVR","TVR",,,"0","0","0","108","0"
"169","umm","UMM","UMM","UMM","UMM",,,"0","0","0","109","0"
"170","vauxhall","VAUXHALL","VAUXHALL","VAUXHALL","VAUXHALL","vauxhall.webp",,"0","0","2","110","0"
"172","volvo","VOLVO","VOLVO","VOLVO","VOLVO","volvo.webp","volvo.jpg","1","1","1","112","0"
"173","volkswagen","VOLKSWAGEN","VOLKSWAGEN","VOLKSWAGEN","VW","volkswagen.webp","volkswagen.jpg","1","1","1","111","1"
"179","zastava","ZASTAVA","ZASTAVA","ZASTAVA","ZASTAVA",,,"0","0","0","113","0"
"180","zaz","ZAZ","ZAZ","ZAZ","ZAZ",,,"0","0","0","114","0"
"339","abarth","ABARTH","ABARTH","ABARTH","ABARTH","abarth.webp","abrath.png","1","0","1","1","0"
"353","amc","AMC","AMC","AMC","AMC",,,"0","0","0","8","0"
"410","chery","CHERY","CHERY","CHERY","CHERY",,,"0","0","3","24","0"
"434","dfsk","DFSK","DFSK","DFSK","DFSK",,,"0","0","3","34","0"
"441","ds","DS","DS","DS","DS","ds.webp",,"1","0","1","36","0"
"474","fpv","FPV","FPV","FPV","FPV",,,"0","0","0","41","0"
"592","maruti","MARUTI","MARUTI","MARUTI","MARUTI",,,"0","0","0","71","0"
"635","perodua","PERODUA","PERODUA","PERODUA","PERODUA",,,"0","0","0","83","0"
"667","samsung","SAMSUNG","SAMSUNG","SAMSUNG","SAMSUNG",,,"0","0","0","0","0"
